{"stats":{"minecraft:custom":{"minecraft:jump":126,"minecraft:time_since_rest":3617,"minecraft:damage_dealt":119,"minecraft:crouch_one_cm":17,"minecraft:sprint_one_cm":12814,"minecraft:play_time":3617,"minecraft:damage_taken":175,"minecraft:time_since_death":3617,"minecraft:walk_one_cm":18036,"minecraft:sneak_time":13,"minecraft:total_world_time":3617,"minecraft:fall_one_cm":7881,"minecraft:fly_one_cm":17647,"minecraft:player_kills":1},"minecraft:mined":{"minecraft:grass":2}},"DataVersion":3465}