{"stats":{"minecraft:used":{"minecraft:golden_apple":3,"born_in_chaos_v1:dark_metal_armor_chestplate":1,"born_in_chaos_v1:dark_metal_armor_helmet":1,"born_in_chaos_v1:dark_metal_armor_leggings":1,"born_in_chaos_v1:dark_metal_armor_boots":1},"minecraft:custom":{"minecraft:jump":139,"minecraft:time_since_rest":5025,"minecraft:damage_dealt":1715,"minecraft:damage_absorbed":120,"minecraft:sprint_one_cm":15516,"minecraft:play_time":5025,"minecraft:damage_taken":325,"minecraft:time_since_death":5025,"minecraft:walk_one_cm":12139,"minecraft:total_world_time":5025,"minecraft:fall_one_cm":4839,"minecraft:fly_one_cm":38073}},"DataVersion":3465}