{"stats":{"minecraft:custom":{"minecraft:jump":50,"minecraft:time_since_rest":13731,"minecraft:leave_game":1,"minecraft:play_time":13731,"minecraft:sprint_one_cm":17820,"minecraft:damage_taken":70,"minecraft:time_since_death":13731,"minecraft:walk_one_cm":9298,"minecraft:total_world_time":13731,"minecraft:fall_one_cm":1286,"minecraft:fly_one_cm":8313},"minecraft:mined":{"minecraft:grass_block":1,"minecraft:oak_leaves":1},"minecraft:picked_up":{"minecraft:dirt":1},"minecraft:used":{"minecraft:dirt":1}},"DataVersion":3465}