{"stats":{"minecraft:custom":{"minecraft:jump":57,"minecraft:time_since_rest":1091,"minecraft:damage_dealt":20,"minecraft:crouch_one_cm":77,"minecraft:deaths":2,"minecraft:sprint_one_cm":1195,"minecraft:play_time":3144,"minecraft:damage_taken":741,"minecraft:time_since_death":1495,"minecraft:walk_one_cm":12174,"minecraft:sneak_time":25,"minecraft:total_world_time":3144,"minecraft:fall_one_cm":8201,"minecraft:fly_one_cm":1920},"minecraft:killed_by":{"minecraft:player":1},"minecraft:used":{"alexsmobs:animal_dictionary":2}},"DataVersion":3465}