{
  "minecraft:recipes/decorations/crafting_table": {
    "criteria": {
      "unlock_right_away": "2024-06-25 22:00:31 +0000"
    },
    "done": true
  },
  "minecraft:adventure/root": {
    "criteria": {
      "killed_by_something": "2024-06-25 22:09:58 +0000"
    },
    "done": true
  },
  "minecraft:adventure/adventuring_time": {
    "criteria": {
      "minecraft:birch_forest": "2024-06-25 22:00:32 +0000",
      "minecraft:beach": "2024-06-25 22:00:53 +0000",
      "minecraft:forest": "2024-06-25 22:08:03 +0000",
      "minecraft:ocean": "2024-06-25 22:01:11 +0000"
    },
    "done": false
  },
  "DataVersion": 3465
}